<?xml version="1.0" encoding="UTF-8"?>
<ejb-jar xmlns="http://java.sun.com/xml/ns/javaee"
  xmlns:xsi="http://www.w3.org/2001/XMLSchema-instance"
  xsi:schemaLocation="http://java.sun.com/xml/ns/javaee
                            http://java.sun.com/xml/ns/javaee/ejb-jar_3_0.xsd"
  version="3.0">

	<enterprise-beans>
		<session>
			<ejb-name>SimpleCustomerDaoBean</ejb-name>
			<ejb-class>sve2.fhbay.beans.dao.SimpleCustomerDaoBean</ejb-class>
			<!-- Version 1b/2b/2c -->
			<resource-ref>
				<res-ref-name>jdbc/fhbayds</res-ref-name>
				<res-type>javax.sql.DataSource</res-type>
				<mapped-name>java:jboss/datasources/FhBayDS</mapped-name>
				<injection-target>
					<injection-target-class>sve2.fhbay.beans.dao.SimpleCustomerDaoBean</injection-target-class>
					<injection-target-name>dataSource</injection-target-name>
				</injection-target>
			</resource-ref>
		</session>	
	</enterprise-beans>

</ejb-jar>
